,,,,
0.012184858322143555,-0.13,0.03,0.34,0.36
0.014126062393188477,-0.13,-0.02,0.13,0.18
0.0151519775390625,-0.08,-0.06,0.03,0.1
0.018110036849975586,-0.02,-0.08,0.0,0.08
0.028290987014770508,0.03,-0.06,0.01,0.06
0.03849387168884277,0.07,-0.02,0.01,0.07
0.04865002632141113,0.07,0.02,0.04,0.08
0.05863595008850098,0.03,0.03,0.11,0.11
0.06876397132873535,-0.02,0.01,0.21,0.21
0.07972908020019531,-0.05,-0.02,0.3,0.3
0.10152792930603027,-0.05,-0.03,0.31,0.31
0.10273289680480957,-0.06,-0.02,0.29,0.29
0.10840010643005371,-0.06,-0.02,0.22,0.22
0.11899304389953613,-0.05,-0.01,0.13,0.13
0.1289370059967041,-0.04,-0.02,0.08,0.09
0.138901948928833,0.0,-0.03,0.06,0.06
0.14912104606628418,0.02,-0.05,0.08,0.09
0.15895700454711914,0.01,-0.06,0.13,0.14
0.17005419731140137,-0.01,-0.04,0.16,0.16
0.1800069808959961,-0.03,-0.02,0.19,0.19
0.2013230323791504,-0.07,0.0,0.22,0.23
0.20255017280578613,-0.08,0.0,0.23,0.24
0.20885920524597168,-0.07,0.0,0.22,0.23
0.21930503845214844,-0.07,-0.01,0.2,0.21
0.22936201095581055,-0.05,-0.03,0.17,0.17
0.23933005332946777,-0.04,-0.04,0.13,0.14
0.2493579387664795,-0.02,-0.04,0.11,0.11
0.25937700271606445,-0.02,-0.03,0.1,0.1
0.27019500732421875,-0.01,-0.03,0.14,0.14
0.2801930904388428,-0.02,-0.02,0.17,0.17
0.30060505867004395,-0.02,-0.01,0.2,0.2
0.3017749786376953,-0.03,-0.01,0.23,0.23
0.30927014350891113,-0.04,-0.01,0.21,0.21
0.3198201656341553,-0.03,-0.02,0.17,0.17
0.3298320770263672,-0.01,-0.03,0.14,0.14
0.3395540714263916,-0.01,-0.03,0.12,0.12
0.3498070240020752,0.0,-0.03,0.11,0.11
0.3607809543609619,0.01,-0.03,0.13,0.13
0.37029600143432617,0.01,-0.04,0.16,0.16
0.38054704666137695,-0.01,-0.04,0.18,0.18
0.4044530391693115,-0.02,-0.03,0.18,0.18
0.40552210807800293,-0.04,-0.02,0.19,0.19
0.4095489978790283,-0.04,0.0,0.19,0.19
0.42000508308410645,-0.04,0.0,0.2,0.2
0.4301469326019287,-0.05,0.0,0.18,0.18
0.44028806686401367,-0.04,-0.02,0.15,0.15
0.4500880241394043,-0.04,-0.01,0.14,0.14
0.46137118339538574,-0.03,-0.02,0.13,0.13
0.47071290016174316,-0.02,-0.02,0.15,0.15
0.4810512065887451,-0.02,-0.02,0.17,0.17
0.5046741962432861,-0.03,-0.02,0.17,0.17
0.5055749416351318,-0.04,-0.02,0.19,0.19
0.5098621845245361,-0.04,-0.02,0.19,0.19
0.520435094833374,-0.04,-0.03,0.18,0.18
0.5305979251861572,-0.03,-0.03,0.17,0.17
0.5407779216766357,-0.01,-0.05,0.14,0.14
0.5507409572601318,0.0,-0.04,0.13,0.13
0.5615041255950928,0.02,-0.04,0.13,0.13
0.5710861682891846,0.0,-0.03,0.12,0.12
0.581287145614624,-0.01,-0.01,0.15,0.15
0.6034750938415527,-0.03,-0.01,0.17,0.17
0.6047089099884033,-0.04,0.0,0.19,0.19
0.6104240417480469,-0.05,-0.01,0.19,0.19
0.6204731464385986,-0.06,-0.02,0.18,0.19
0.6309201717376709,-0.05,-0.02,0.17,0.17
0.6407439708709717,-0.05,-0.03,0.16,0.17
0.650672197341919,-0.05,-0.03,0.13,0.14
0.6615121364593506,-0.04,-0.03,0.15,0.15
0.6712028980255127,-0.04,-0.02,0.17,0.17
0.6818630695343018,-0.02,0.0,0.17,0.17
0.706589937210083,-0.01,0.01,0.16,0.16
0.7081401348114014,-0.02,0.01,0.17,0.17
0.710655927658081,-0.02,-0.02,0.18,0.18
0.7208430767059326,-0.02,-0.04,0.17,0.17
0.7312328815460205,-0.01,-0.04,0.16,0.16
0.7410261631011963,0.0,-0.04,0.16,0.16
0.7509920597076416,0.0,-0.04,0.16,0.16
0.7620840072631836,-0.01,-0.02,0.16,0.16
0.7715520858764648,-0.02,-0.01,0.16,0.16
0.7822020053863525,-0.02,0.0,0.17,0.17
0.8082001209259033,-0.02,-0.02,0.16,0.16
0.809333086013794,-0.03,-0.02,0.17,0.17
0.810945987701416,-0.03,-0.03,0.16,0.16
0.8299648761749268,-0.04,-0.03,0.16,0.16
0.8314840793609619,-0.05,-0.03,0.18,0.18
0.8417370319366455,-0.03,-0.02,0.17,0.17
0.851769208908081,-0.04,-0.01,0.17,0.17
0.8617560863494873,-0.04,-0.02,0.16,0.16
0.8725969791412354,-0.04,-0.01,0.15,0.15
0.8825361728668213,-0.03,-0.02,0.15,0.15
0.9055299758911133,-0.03,-0.02,0.15,0.15
0.9063100814819336,-0.02,-0.01,0.16,0.16
0.9115831851959229,-0.02,-0.03,0.17,0.17
0.9218490123748779,-0.02,-0.04,0.18,0.18
0.9319698810577393,-0.03,-0.04,0.18,0.18
0.9418480396270752,-0.03,-0.04,0.17,0.17
0.9522030353546143,-0.02,-0.02,0.16,0.16
0.9616749286651611,-0.02,-0.02,0.16,0.16
0.9735081195831299,-0.03,-0.01,0.15,0.15
0.9828221797943115,-0.02,-0.01,0.15,0.15
1.008531093597412,-0.02,-0.01,0.15,0.15
1.0092198848724365,-0.04,-0.01,0.16,0.16
1.011854887008667,-0.03,-0.02,0.19,0.19
1.022369146347046,-0.03,-0.03,0.18,0.18
1.0323560237884521,-0.05,-0.03,0.17,0.17
1.042273998260498,-0.04,-0.03,0.16,0.16
1.0530040264129639,-0.03,-0.03,0.16,0.16
1.0631539821624756,-0.04,-0.03,0.15,0.15
1.0725891590118408,-0.03,-0.02,0.15,0.15
1.0836989879608154,-0.02,-0.02,0.17,0.17
1.1107499599456787,-0.02,-0.02,0.18,0.18
1.1117851734161377,-0.01,-0.02,0.18,0.18
1.112529993057251,-0.02,-0.02,0.17,0.17
1.1226131916046143,-0.02,-0.03,0.15,0.15
1.1327290534973145,-0.01,-0.03,0.14,0.14
1.1426689624786377,-0.03,-0.03,0.15,0.15
1.1526072025299072,-0.03,-0.03,0.16,0.16
1.1638610363006592,-0.02,-0.02,0.18,0.18
1.173156976699829,-0.03,0.0,0.19,0.19
1.1837708950042725,-0.02,0.0,0.17,0.17
1.2103331089019775,-0.03,-0.01,0.16,0.16
1.211773157119751,-0.04,-0.02,0.16,0.16
1.2127468585968018,-0.03,-0.03,0.15,0.15
1.2296440601348877,-0.02,-0.04,0.15,0.15
1.2328078746795654,-0.03,-0.04,0.15,0.15
1.2457611560821533,-0.04,-0.04,0.17,0.17
1.2531249523162842,-0.03,-0.03,0.17,0.17
1.2642319202423096,-0.03,-0.02,0.18,0.18
1.2732760906219482,-0.02,-0.03,0.18,0.18
1.2841289043426514,-0.02,-0.03,0.16,0.16
1.3105390071868896,-0.03,-0.02,0.14,0.14
1.3115870952606201,-0.03,-0.01,0.14,0.14
1.3127410411834717,-0.02,-0.01,0.14,0.14
1.3231000900268555,-0.02,0.01,0.17,0.17
1.3336751461029053,-0.01,0.0,0.19,0.19
1.3434689044952393,-0.02,-0.03,0.19,0.19
1.353606939315796,-0.03,-0.03,0.18,0.18
1.3638310432434082,-0.05,-0.03,0.16,0.17
1.3745620250701904,-0.04,-0.02,0.16,0.16
1.3844859600067139,-0.02,-0.01,0.15,0.15
1.4104769229888916,0.0,-0.02,0.14,0.14
1.4119009971618652,-0.01,-0.02,0.15,0.15
1.4133288860321045,-0.03,-0.01,0.17,0.17
1.4298641681671143,-0.03,-0.02,0.18,0.18
1.4337780475616455,-0.03,-0.03,0.19,0.19
1.4459478855133057,-0.01,-0.05,0.17,0.17
1.4540200233459473,0.0,-0.04,0.14,0.14
1.4637501239776611,0.0,-0.04,0.13,0.13
1.475020170211792,0.0,-0.03,0.12,0.12
1.4849011898040771,-0.01,-0.02,0.15,0.15
1.512322187423706,-0.03,-0.01,0.17,0.17
1.5137650966644287,-0.04,-0.01,0.19,0.19
1.514761209487915,-0.04,-0.01,0.18,0.18
1.5299620628356934,-0.04,-0.01,0.17,0.17
1.5344798564910889,-0.03,-0.03,0.16,0.16
1.54512619972229,-0.04,-0.03,0.16,0.16
1.5541908740997314,-0.04,-0.02,0.16,0.16
1.5649759769439697,-0.03,-0.02,0.16,0.16
1.5751841068267822,-0.02,-0.02,0.15,0.15
1.5847041606903076,-0.03,-0.02,0.15,0.15
1.6119320392608643,-0.02,-0.01,0.15,0.15
1.6131961345672607,-0.01,-0.01,0.17,0.17
1.614166021347046,-0.01,-0.03,0.17,0.17
1.6240661144256592,-0.01,-0.03,0.17,0.17
1.6348450183868408,-0.02,-0.02,0.18,0.18
1.6444880962371826,-0.02,-0.02,0.18,0.18
1.6545631885528564,-0.02,-0.02,0.16,0.16
1.665722131729126,-0.03,-0.03,0.17,0.17
1.6754601001739502,-0.02,-0.02,0.16,0.16
1.6849381923675537,-0.02,-0.02,0.17,0.17
1.7103931903839111,-0.01,-0.02,0.18,0.18
1.7117090225219727,-0.03,-0.02,0.18,0.18
1.7145369052886963,-0.01,-0.02,0.17,0.17
1.7246291637420654,-0.03,0.0,0.14,0.14
1.735152006149292,-0.04,0.02,0.12,0.12
1.7452540397644043,-0.06,0.03,0.13,0.14
1.7550530433654785,-0.07,0.0,0.13,0.14
1.7660620212554932,-0.08,-0.01,0.13,0.15
1.7760531902313232,-0.06,-0.03,0.17,0.18
1.7858941555023193,-0.04,-0.07,0.23,0.24
1.8131370544433594,-0.02,-0.08,0.28,0.29
1.8145830631256104,0.0,-0.06,0.28,0.28
1.8156630992889404,-0.01,-0.03,0.21,0.21
1.8294219970703125,-0.01,-0.04,0.11,0.11
1.8355810642242432,0.02,-0.02,0.06,0.06
1.8451778888702393,0.01,-0.01,0.06,0.06
1.8554198741912842,0.0,-0.01,0.1,0.1
1.865544080734253,-0.01,-0.01,0.15,0.15
1.876183032989502,-0.01,-0.01,0.2,0.2
1.8858869075775146,-0.02,-0.02,0.2,0.2
1.91457200050354,-0.03,-0.03,0.2,0.2
1.915525197982788,-0.05,-0.03,0.19,0.19
1.916668176651001,-0.05,-0.02,0.19,0.19
1.925396203994751,-0.06,-0.02,0.18,0.19
1.9356470108032227,-0.06,-0.02,0.16,0.17
1.9457120895385742,-0.04,-0.02,0.16,0.16
1.955843210220337,-0.04,-0.03,0.15,0.15
1.9667420387268066,-0.03,-0.02,0.15,0.15
1.976125955581665,-0.03,-0.02,0.15,0.15
1.9857981204986572,-0.03,-0.02,0.15,0.15
2.015733003616333,-0.03,-0.02,0.15,0.15
2.0163838863372803,-0.03,-0.01,0.16,0.16
2.017709970474243,-0.03,-0.02,0.17,0.17
2.025883913040161,-0.03,-0.04,0.18,0.18
2.036303997039795,-0.02,-0.05,0.17,0.17
2.046187162399292,-0.02,-0.05,0.18,0.18
2.0560901165008545,-0.02,-0.04,0.18,0.18
2.066383123397827,-0.02,-0.01,0.17,0.17
2.0768392086029053,-0.02,0.0,0.17,0.17
2.0865180492401123,-0.02,0.02,0.14,0.14
2.1124398708343506,-0.01,0.01,0.14,0.14
2.113569974899292,-0.01,0.0,0.14,0.14
2.1159021854400635,-0.02,-0.02,0.14,0.14
2.129114866256714,-0.02,-0.04,0.15,0.15
2.1365301609039307,-0.03,-0.05,0.15,0.16
2.146717071533203,-0.04,-0.06,0.16,0.17
2.1566050052642822,-0.04,-0.05,0.18,0.19
2.1666791439056396,-0.04,-0.01,0.19,0.19
2.1780030727386475,-0.03,0.0,0.2,0.2
2.1871678829193115,-0.02,0.0,0.19,0.19
2.213744878768921,-0.03,0.0,0.18,0.18
2.2152040004730225,-0.01,-0.01,0.16,0.16
2.216326951980591,0.0,-0.01,0.14,0.14
2.229295015335083,0.0,-0.02,0.13,0.13
2.2368509769439697,0.0,-0.01,0.13,0.13
2.247135877609253,0.01,0.0,0.14,0.14
2.256897211074829,0.01,0.0,0.16,0.16
2.2670681476593018,-0.02,-0.01,0.16,0.16
2.2780401706695557,-0.04,-0.02,0.17,0.17
2.2874691486358643,-0.03,-0.04,0.18,0.18
2.316214084625244,-0.02,-0.06,0.19,0.2
2.317553997039795,-0.01,-0.06,0.19,0.19
2.3184640407562256,-0.01,-0.06,0.17,0.18
2.3292272090911865,0.0,-0.04,0.14,0.14
2.336919069290161,-0.01,-0.02,0.13,0.13
2.347271203994751,-0.01,0.0,0.13,0.13
2.357361078262329,-0.04,0.0,0.15,0.15
2.367676019668579,-0.03,-0.01,0.16,0.16
2.3787338733673096,-0.05,-0.01,0.17,0.17
2.387838125228882,-0.06,-0.03,0.17,0.18
2.4139959812164307,-0.05,-0.02,0.18,0.18
2.415199041366577,-0.04,-0.02,0.18,0.18
2.4169809818267822,-0.05,-0.02,0.18,0.18
2.428375005722046,-0.04,-0.01,0.18,0.18
2.43776798248291,-0.02,-0.02,0.15,0.15
2.4476711750030518,-0.02,-0.01,0.13,0.13
2.457646131515503,0.0,-0.02,0.13,0.13
2.467806100845337,0.0,-0.02,0.14,0.14
2.4783270359039307,0.0,-0.02,0.16,0.16
2.4882729053497314,-0.01,-0.02,0.17,0.17
2.5161540508270264,-0.01,-0.02,0.17,0.17
2.516925096511841,-0.02,-0.03,0.18,0.18
2.5183510780334473,-0.03,-0.03,0.18,0.18
2.5278098583221436,-0.03,-0.02,0.17,0.17
2.537682056427002,-0.03,-0.02,0.16,0.16
2.5480191707611084,-0.02,-0.02,0.16,0.16
2.5579349994659424,-0.02,-0.03,0.16,0.16
2.5681111812591553,-0.01,-0.03,0.16,0.16
2.5787930488586426,-0.02,-0.03,0.16,0.16
2.588690996170044,-0.02,-0.01,0.14,0.14
2.6167800426483154,-0.03,0.0,0.14,0.14
2.617851972579956,-0.05,-0.01,0.15,0.15
2.618964910507202,-0.05,-0.01,0.15,0.15
2.6282498836517334,-0.04,-0.02,0.17,0.17
2.6381142139434814,-0.04,-0.03,0.18,0.18
2.6486289501190186,-0.03,-0.03,0.19,0.19
2.658057928085327,-0.03,-0.03,0.19,0.19
2.66861891746521,-0.01,-0.03,0.17,0.17
2.679619073867798,-0.01,-0.02,0.15,0.15
2.6886839866638184,-0.01,-0.02,0.13,0.13
2.71816086769104,0.0,-0.01,0.13,0.13
2.7192180156707764,-0.01,-0.01,0.14,0.14
2.720468044281006,-0.02,-0.02,0.15,0.15
2.7284629344940186,-0.02,-0.02,0.16,0.16
2.738403081893921,-0.02,-0.02,0.18,0.18
2.748522996902466,-0.02,-0.02,0.18,0.18
2.7589240074157715,-0.03,-0.03,0.17,0.17
2.7687900066375732,-0.03,-0.03,0.16,0.16
2.779949903488159,-0.03,-0.03,0.17,0.17
2.7888879776000977,-0.02,-0.03,0.16,0.16
2.816977024078369,-0.02,-0.02,0.17,0.17
2.818059206008911,-0.02,-0.01,0.17,0.17
2.8187060356140137,-0.03,-0.01,0.17,0.17
2.829047918319702,-0.04,-0.02,0.16,0.16
2.8385729789733887,-0.04,-0.03,0.16,0.16
2.849351167678833,-0.04,-0.04,0.17,0.17
2.8592770099639893,-0.04,-0.03,0.15,0.15
2.8694169521331787,-0.03,-0.03,0.17,0.17
2.8790881633758545,-0.03,-0.03,0.17,0.17
2.8906750679016113,-0.02,-0.01,0.16,0.16
2.918597936630249,-0.01,-0.01,0.17,0.17
2.919732093811035,-0.02,-0.01,0.16,0.16
2.9209721088409424,-0.01,-0.02,0.16,0.16
2.9288079738616943,-0.01,-0.02,0.16,0.16
2.939307928085327,-0.02,-0.02,0.17,0.17
2.949740171432495,-0.03,-0.02,0.16,0.16
2.9598190784454346,-0.04,-0.03,0.17,0.17
2.969796895980835,-0.03,-0.03,0.16,0.16
2.9797918796539307,-0.03,-0.05,0.15,0.16
2.990518093109131,-0.02,-0.05,0.15,0.15
3.0177271366119385,-0.02,-0.04,0.15,0.15
3.01853609085083,-0.02,-0.03,0.15,0.15
3.0193121433258057,-0.02,0.01,0.17,0.17
3.0296452045440674,-0.02,0.03,0.19,0.19
3.0395359992980957,-0.02,0.02,0.19,0.19
3.0502140522003174,-0.03,0.0,0.18,0.18
3.0601460933685303,-0.03,-0.02,0.16,0.16
3.0702240467071533,-0.05,-0.04,0.14,0.15
3.0803260803222656,-0.03,-0.05,0.13,0.14
3.0903329849243164,-0.01,-0.04,0.16,0.16
3.1175670623779297,0.01,-0.03,0.16,0.16
3.1186180114746094,-0.01,-0.02,0.16,0.16
3.119899034500122,-0.02,-0.01,0.15,0.15
3.1301140785217285,-0.03,-0.01,0.17,0.17
3.140249013900757,-0.01,-0.03,0.18,0.18
3.150067090988159,-0.01,-0.05,0.18,0.18
3.160521984100342,0.0,-0.06,0.18,0.18
3.1705482006073,0.01,-0.05,0.15,0.15
3.180609941482544,0.0,-0.04,0.14,0.14
3.19045090675354,-0.01,-0.03,0.14,0.14
3.217823028564453,-0.02,-0.02,0.16,0.16
3.2189528942108154,-0.02,-0.01,0.17,0.17
3.220165967941284,-0.03,-0.01,0.17,0.17
3.230415105819702,-0.05,-0.01,0.17,0.17
3.2405121326446533,-0.06,-0.02,0.15,0.16
3.2508771419525146,-0.06,-0.01,0.17,0.18
3.2608158588409424,-0.06,-0.02,0.17,0.18
3.2707560062408447,-0.05,-0.02,0.17,0.17
3.2810730934143066,-0.04,-0.03,0.16,0.16
3.291995048522949,-0.03,-0.02,0.16,0.16
3.3219799995422363,-0.02,-0.02,0.15,0.15
3.323396921157837,-0.01,-0.02,0.15,0.15
3.3242909908294678,0.0,-0.04,0.16,0.16
3.3308188915252686,0.0,-0.04,0.17,0.17
3.3405210971832275,0.01,-0.04,0.17,0.17
3.3509891033172607,-0.01,-0.03,0.17,0.17
3.361363172531128,0.0,-0.03,0.16,0.16
3.371277093887329,-0.01,-0.03,0.17,0.17
3.3814709186553955,-0.02,-0.02,0.16,0.16
3.3913300037384033,-0.01,-0.01,0.16,0.16
3.420830011367798,-0.02,0.0,0.17,0.17
3.421957015991211,-0.02,-0.01,0.17,0.17
3.4230449199676514,-0.03,-0.02,0.16,0.16
3.4314072132110596,-0.04,-0.03,0.15,0.15
3.441169023513794,-0.04,-0.02,0.16,0.16
3.4514920711517334,-0.03,-0.03,0.18,0.18
3.461513042449951,-0.03,-0.02,0.18,0.18
3.4715940952301025,-0.03,-0.03,0.17,0.17
3.481527090072632,-0.03,-0.03,0.17,0.17
3.4916210174560547,-0.02,-0.02,0.17,0.17
3.5216591358184814,-0.02,-0.02,0.16,0.16
3.5225698947906494,-0.02,-0.02,0.16,0.16
3.5230460166931152,-0.02,-0.02,0.15,0.15
3.531651020050049,-0.02,-0.03,0.14,0.14
3.5413670539855957,-0.02,-0.03,0.15,0.15
3.551509141921997,-0.02,-0.03,0.15,0.15
3.562080144882202,-0.02,-0.02,0.17,0.17
3.5719411373138428,-0.02,-0.01,0.18,0.18
3.582127094268799,-0.02,0.0,0.17,0.17
3.592888116836548,-0.01,-0.01,0.17,0.17
3.6218180656433105,-0.01,-0.02,0.16,0.16
3.622976064682007,-0.02,-0.02,0.15,0.15
3.6239590644836426,-0.03,-0.03,0.14,0.14
3.6319921016693115,-0.03,-0.03,0.15,0.15
3.6450679302215576,-0.01,-0.03,0.14,0.14
3.651942014694214,-0.02,-0.03,0.16,0.16
3.6623308658599854,-0.03,-0.04,0.17,0.17
3.672313928604126,-0.04,-0.05,0.17,0.18
3.682396173477173,-0.03,-0.05,0.17,0.17
3.6924121379852295,-0.03,-0.04,0.2,0.2
3.721466064453125,-0.02,-0.03,0.19,0.19
3.7227771282196045,-0.01,-0.02,0.17,0.17
3.724231004714966,-0.02,-0.01,0.17,0.17
3.732316017150879,-0.02,-0.01,0.16,0.16
3.742341995239258,-0.03,-0.01,0.14,0.14
3.7524220943450928,-0.04,-0.01,0.15,0.15
3.7627570629119873,-0.03,0.0,0.15,0.15
3.772719144821167,-0.02,0.0,0.16,0.16
3.7827799320220947,-0.03,0.0,0.17,0.17
3.792909860610962,-0.02,-0.02,0.16,0.16
3.82155704498291,-0.03,-0.03,0.18,0.18
3.8226912021636963,-0.03,-0.04,0.17,0.17
3.8238799571990967,-0.03,-0.05,0.17,0.17
3.832658052444458,-0.02,-0.05,0.17,0.17
3.8426401615142822,0.0,-0.05,0.16,0.16
3.852679967880249,0.0,-0.06,0.16,0.17
3.863193988800049,-0.01,-0.05,0.16,0.16
3.8732221126556396,-0.02,-0.03,0.15,0.15
3.8834431171417236,-0.03,-0.01,0.16,0.16
3.894041061401367,-0.03,0.0,0.15,0.15
3.921990156173706,-0.04,0.0,0.16,0.16
3.9231278896331787,-0.03,0.0,0.18,0.18
3.9243271350860596,-0.03,-0.01,0.18,0.18
3.9332759380340576,-0.04,-0.01,0.17,0.17
3.9432740211486816,-0.03,-0.02,0.19,0.19
3.9532570838928223,-0.01,-0.03,0.18,0.18
3.9635519981384277,-0.01,-0.04,0.15,0.15
3.9735591411590576,-0.03,-0.04,0.14,0.14
3.983520030975342,-0.03,-0.03,0.14,0.14
3.9938230514526367,-0.04,-0.02,0.16,0.16
4.023808002471924,-0.03,-0.01,0.17,0.17
4.025037050247192,0.0,-0.02,0.18,0.18
4.025942087173462,0.0,-0.03,0.18,0.18
4.030672073364258,0.01,-0.03,0.15,0.15
4.040755033493042,0.01,-0.04,0.16,0.16
4.050985097885132,0.0,-0.04,0.15,0.15
4.060973882675171,-0.01,-0.03,0.16,0.16
4.071171045303345,-0.02,-0.02,0.16,0.16
4.081352949142456,-0.04,-0.01,0.16,0.16
4.091338872909546,-0.07,-0.02,0.16,0.17
4.121553182601929,-0.06,-0.02,0.18,0.19
4.122802019119263,-0.06,-0.03,0.19,0.2
4.123739957809448,-0.05,-0.03,0.19,0.19
4.131211996078491,-0.04,-0.03,0.19,0.19
4.141540050506592,-0.03,-0.02,0.17,0.17
4.151538133621216,-0.02,-0.01,0.13,0.13
4.161243200302124,-0.02,-0.01,0.1,0.1
4.171478986740112,-0.02,0.0,0.1,0.1
4.181813955307007,-0.01,-0.02,0.13,0.13
4.191688060760498,-0.01,-0.03,0.18,0.18
4.221335172653198,-0.01,-0.04,0.2,0.2
4.222403049468994,-0.02,-0.04,0.2,0.2
4.223146200180054,-0.01,-0.03,0.2,0.2
4.23155403137207,-0.02,-0.03,0.18,0.18
4.241472005844116,-0.02,-0.02,0.15,0.15
4.251806974411011,-0.03,-0.02,0.12,0.12
4.2616050243377686,-0.02,-0.02,0.14,0.14
4.2720420360565186,-0.01,-0.02,0.15,0.15
4.2822020053863525,-0.02,-0.03,0.18,0.18
4.291928052902222,-0.02,-0.02,0.18,0.18
4.323288202285767,-0.01,-0.01,0.18,0.18
4.324325084686279,-0.04,-0.01,0.16,0.16
4.325228929519653,-0.03,-0.01,0.14,0.14
4.331934213638306,-0.04,-0.02,0.16,0.16
4.341882944107056,-0.04,-0.02,0.17,0.17
4.351934194564819,-0.03,-0.02,0.19,0.19
4.3624351024627686,-0.04,-0.03,0.18,0.18
4.372460126876831,-0.03,-0.04,0.17,0.17
4.3822290897369385,-0.03,-0.04,0.17,0.17
4.392243146896362,-0.02,-0.04,0.17,0.17
4.42471718788147,-0.03,-0.03,0.16,0.16
4.425864934921265,-0.02,-0.02,0.16,0.16
4.426945924758911,-0.02,0.0,0.15,0.15
4.432233095169067,-0.03,0.01,0.15,0.15
4.445358991622925,-0.03,0.0,0.15,0.15
4.452420949935913,-0.02,-0.01,0.15,0.15
4.4626359939575195,-0.02,-0.03,0.17,0.17
4.472749948501587,-0.02,-0.04,0.18,0.18
4.482997179031372,-0.03,-0.03,0.17,0.17
4.49294114112854,-0.02,-0.03,0.16,0.16
4.5253870487213135,-0.03,-0.02,0.17,0.17
4.526540040969849,-0.04,-0.01,0.17,0.17
4.5276710987091064,-0.03,-0.01,0.16,0.16
4.545378923416138,-0.02,-0.01,0.15,0.15
4.546454191207886,-0.02,-0.03,0.17,0.17
4.552815198898315,-0.01,-0.04,0.16,0.16
4.562651872634888,-0.02,-0.02,0.16,0.16
4.573023080825806,-0.02,-0.02,0.15,0.15
4.583153963088989,-0.03,-0.02,0.15,0.15
4.59318995475769,-0.03,-0.02,0.16,0.16
4.624279022216797,-0.04,-0.03,0.17,0.17
4.6255271434783936,-0.03,-0.03,0.18,0.18
4.6268150806427,-0.03,-0.03,0.2,0.2
4.646018028259277,-0.02,-0.02,0.19,0.19
4.647062063217163,-0.02,-0.02,0.17,0.17
4.661941051483154,-0.01,-0.02,0.15,0.15
4.665920972824097,-0.01,-0.02,0.14,0.14
4.678122043609619,-0.02,-0.02,0.15,0.15
4.686362028121948,-0.01,-0.02,0.16,0.16
4.6962878704071045,-0.02,-0.03,0.16,0.16
4.726299047470093,-0.02,-0.03,0.17,0.17
4.727331876754761,-0.03,-0.03,0.16,0.16
4.728583097457886,-0.03,-0.05,0.16,0.17
4.736135005950928,-0.03,-0.03,0.17,0.17
4.746180057525635,-0.03,-0.01,0.17,0.17
4.756263017654419,-0.02,0.01,0.18,0.18
4.766488075256348,-0.01,0.02,0.19,0.19
4.776724100112915,-0.02,0.01,0.2,0.2
4.786728143692017,-0.04,-0.01,0.18,0.18
4.796804189682007,-0.04,-0.03,0.16,0.16
4.828235864639282,-0.04,-0.04,0.15,0.16
4.829292058944702,-0.03,-0.04,0.14,0.14
4.830641031265259,-0.01,-0.02,0.15,0.15
4.84632420539856,0.0,-0.01,0.18,0.18
4.847417116165161,0.0,0.0,0.18,0.18
4.856600046157837,-0.01,0.0,0.18,0.18
4.866780042648315,-0.02,-0.02,0.16,0.16
4.87702488899231,-0.02,-0.05,0.15,0.15
4.887091875076294,-0.03,-0.07,0.14,0.15
4.897043943405151,-0.01,-0.06,0.14,0.15
4.926590204238892,0.0,-0.04,0.16,0.16
4.927826166152954,-0.01,-0.02,0.17,0.17
4.929234027862549,0.0,-0.01,0.18,0.18
4.945501089096069,-0.02,0.0,0.17,0.17
4.946649074554443,-0.04,-0.01,0.17,0.17
4.961104154586792,-0.05,-0.02,0.16,0.16
4.967188119888306,-0.07,-0.02,0.15,0.16
4.9780519008636475,-0.06,-0.02,0.16,0.17
4.987405061721802,-0.05,-0.03,0.17,0.17
4.9974119663238525,-0.05,-0.02,0.18,0.18
5.028307199478149,-0.04,-0.02,0.18,0.18
5.029266119003296,-0.03,-0.03,0.16,0.16
5.03056788444519,-0.03,-0.02,0.15,0.15
5.03717303276062,-0.01,-0.02,0.15,0.15
5.047373056411743,0.0,-0.02,0.14,0.14
5.057255983352661,-0.01,-0.02,0.14,0.14
5.0674521923065186,-0.01,-0.02,0.17,0.17
5.0775840282440186,0.0,-0.02,0.17,0.17
5.087910890579224,0.0,-0.02,0.19,0.19
5.097949028015137,0.0,-0.02,0.18,0.18
5.130272150039673,-0.01,-0.02,0.18,0.18
5.13142204284668,-0.01,-0.02,0.17,0.17
5.132400989532471,0.0,-0.02,0.15,0.15
5.137765169143677,-0.01,-0.02,0.15,0.15
5.1478400230407715,-0.02,-0.02,0.14,0.14
5.157697916030884,-0.03,-0.02,0.14,0.14
5.167985200881958,-0.04,-0.03,0.15,0.15
5.17812705039978,-0.03,-0.03,0.17,0.17
5.188062906265259,-0.03,-0.03,0.18,0.18
5.198276996612549,-0.04,-0.03,0.2,0.2
5.2296669483184814,-0.04,-0.03,0.19,0.19
5.230726003646851,-0.04,-0.02,0.17,0.17
5.231985092163086,-0.03,-0.03,0.17,0.17
5.238066911697388,-0.03,-0.01,0.15,0.15
5.248286008834839,-0.01,-0.02,0.16,0.16
5.257976055145264,-0.01,-0.02,0.15,0.15
5.268333196640015,-0.01,-0.03,0.16,0.16
5.278554201126099,-0.02,-0.03,0.17,0.17
5.28842306137085,-0.02,-0.02,0.17,0.17
5.298574209213257,-0.01,-0.02,0.17,0.17
5.331658124923706,-0.01,-0.03,0.16,0.16
5.332947015762329,-0.03,-0.02,0.15,0.15
5.333884954452515,-0.03,-0.01,0.15,0.15
5.338396072387695,-0.02,-0.02,0.17,0.17
5.348420858383179,-0.02,-0.02,0.16,0.16
5.3584630489349365,0.0,-0.02,0.17,0.17
5.368553876876831,-0.01,-0.03,0.17,0.17
5.37859320640564,-0.02,-0.03,0.17,0.17
5.389026880264282,-0.02,-0.02,0.15,0.15
5.398866891860962,-0.02,-0.02,0.13,0.13
5.4292309284210205,-0.03,-0.03,0.15,0.15
5.43047308921814,-0.02,-0.02,0.16,0.16
5.431519985198975,-0.02,-0.02,0.17,0.17
5.445434093475342,-0.03,-0.01,0.18,0.18
5.448947191238403,-0.02,-0.01,0.19,0.19
5.461270093917847,-0.02,-0.02,0.17,0.17
5.468993902206421,-0.02,-0.03,0.16,0.16
5.478807210922241,-0.02,-0.03,0.15,0.15
5.489504098892212,-0.03,-0.04,0.17,0.17
5.4992170333862305,-0.03,-0.04,0.17,0.17
5.532680034637451,-0.01,-0.02,0.16,0.16
5.533673048019409,-0.01,-0.03,0.17,0.17
5.53468918800354,-0.01,-0.04,0.16,0.16
5.546922922134399,-0.02,-0.04,0.16,0.16
5.549166917800903,-0.02,-0.03,0.16,0.16
5.559438943862915,-0.03,-0.02,0.17,0.17
5.569536924362183,-0.02,-0.01,0.18,0.18
5.57933497428894,-0.02,0.01,0.18,0.18
5.589909076690674,-0.03,0.0,0.17,0.17
5.599971055984497,-0.01,-0.01,0.16,0.16
5.629131078720093,-0.02,-0.02,0.16,0.16
5.630197048187256,-0.03,-0.01,0.16,0.16
5.630788087844849,0.0,-0.01,0.16,0.16
5.647021055221558,0.0,0.0,0.15,0.15
5.649692058563232,-0.02,-0.01,0.14,0.14
5.659940004348755,-0.03,-0.02,0.15,0.15
5.670016050338745,-0.03,-0.03,0.14,0.14
5.680000066757202,-0.02,-0.04,0.15,0.15
5.690044164657593,-0.03,-0.05,0.18,0.18
5.700214147567749,-0.01,-0.04,0.18,0.18
5.7302539348602295,0.0,-0.04,0.17,0.17
5.731263875961304,-0.01,-0.02,0.16,0.16
5.732088088989258,-0.02,-0.02,0.15,0.15
5.745772123336792,-0.03,-0.01,0.16,0.16
5.750221014022827,-0.04,-0.02,0.15,0.15
5.7612221240997314,-0.03,-0.02,0.17,0.17
5.770171880722046,-0.04,-0.01,0.16,0.16
5.780294179916382,-0.05,-0.02,0.17,0.17
5.790060997009277,-0.03,-0.02,0.17,0.17
5.800642013549805,-0.02,-0.02,0.18,0.18
5.831755876541138,-0.01,-0.03,0.18,0.18
5.832811117172241,-0.02,-0.03,0.15,0.15
5.833607912063599,-0.02,-0.02,0.14,0.14
5.8401939868927,-0.03,0.0,0.13,0.13
5.850169897079468,-0.02,-0.01,0.14,0.14
5.860613107681274,-0.01,-0.01,0.16,0.16
5.8705830574035645,-0.01,-0.02,0.18,0.18
5.880480051040649,-0.01,-0.03,0.18,0.18
5.89054799079895,-0.01,-0.04,0.19,0.19
5.900947093963623,0.0,-0.04,0.17,0.17
5.9318811893463135,0.0,-0.02,0.15,0.15
5.932887077331543,-0.02,0.0,0.14,0.14
5.9337379932403564,-0.01,-0.01,0.13,0.13
5.942853212356567,-0.02,-0.01,0.13,0.13
5.950798034667969,-0.02,-0.02,0.16,0.16
5.960955858230591,-0.03,-0.03,0.18,0.18
5.971037149429321,-0.04,-0.02,0.19,0.19
5.980942964553833,-0.04,-0.01,0.19,0.19
5.990949869155884,-0.04,-0.01,0.18,0.18
6.001396894454956,-0.04,-0.02,0.17,0.17
6.0344321727752686,-0.03,-0.03,0.16,0.16
6.035661935806274,-0.03,-0.04,0.14,0.14
6.0364320278167725,-0.02,-0.04,0.15,0.15
6.046221017837524,0.0,-0.03,0.18,0.18
6.051356077194214,-0.01,-0.03,0.17,0.17
6.06202507019043,0.0,-0.02,0.16,0.16
6.071300983428955,0.0,-0.03,0.17,0.17
6.081394910812378,-0.01,-0.03,0.15,0.15
6.091187000274658,-0.03,-0.03,0.15,0.15
6.101855993270874,-0.03,-0.02,0.16,0.16
6.133186101913452,-0.03,-0.02,0.17,0.17
6.133858919143677,-0.03,-0.01,0.17,0.17
6.134361028671265,-0.02,0.0,0.17,0.17
6.141148090362549,-0.02,0.0,0.17,0.17
6.151621103286743,-0.02,-0.01,0.16,0.16
6.161542177200317,-0.02,-0.03,0.16,0.16
6.171455144882202,-0.02,-0.03,0.16,0.16
6.181830167770386,-0.01,-0.02,0.15,0.15
6.191922903060913,-0.02,-0.02,0.16,0.16
6.201794862747192,-0.02,-0.02,0.16,0.16
6.236412048339844,-0.03,-0.02,0.16,0.16
6.237123012542725,-0.03,-0.02,0.17,0.17
6.237746000289917,-0.02,-0.03,0.17,0.17
6.241818189620972,-0.03,-0.03,0.16,0.16
6.252105951309204,-0.02,-0.02,0.17,0.17
6.2618420124053955,-0.02,-0.02,0.16,0.16
6.272068977355957,-0.01,-0.01,0.17,0.17
6.282145023345947,-0.01,-0.01,0.16,0.16
6.291828870773315,-0.01,-0.01,0.16,0.16
6.30220103263855,-0.01,-0.01,0.16,0.16
6.335340976715088,-0.02,-0.03,0.16,0.16
6.336050033569336,-0.02,-0.05,0.15,0.15
6.336771011352539,-0.03,-0.03,0.16,0.16
6.342114210128784,-0.03,-0.03,0.17,0.17
6.352344036102295,-0.02,-0.04,0.18,0.18
6.362210988998413,-0.02,-0.04,0.18,0.18
6.372254133224487,-0.02,-0.02,0.18,0.18
6.382575035095215,-0.03,-0.02,0.16,0.16
6.392319917678833,-0.03,-0.01,0.16,0.16
6.402704954147339,-0.03,0.0,0.16,0.16
6.435828924179077,-0.03,-0.01,0.18,0.18
6.436907052993774,-0.03,-0.02,0.17,0.17
6.437711000442505,-0.04,-0.02,0.15,0.15
6.442692995071411,-0.02,-0.01,0.15,0.15
6.452732086181641,-0.01,-0.02,0.17,0.17
6.462785005569458,0.0,-0.02,0.17,0.17
6.4725611209869385,0.0,-0.02,0.17,0.17
6.482972860336304,-0.01,-0.01,0.15,0.15
6.492869138717651,-0.01,-0.01,0.14,0.14
6.50333309173584,-0.02,-0.03,0.17,0.17
6.533043146133423,-0.01,-0.03,0.16,0.16
6.534090995788574,-0.02,-0.05,0.17,0.17
6.534931898117065,-0.01,-0.04,0.15,0.15
6.545363187789917,0.0,-0.03,0.16,0.16
6.552864074707031,-0.01,-0.02,0.16,0.16
6.5630340576171875,-0.03,-0.02,0.15,0.15
6.573201894760132,-0.04,-0.01,0.15,0.15
6.583398103713989,-0.05,-0.02,0.16,0.16
6.593272924423218,-0.05,-0.03,0.16,0.17
6.603605031967163,-0.05,-0.03,0.17,0.17
6.635969877243042,-0.04,-0.03,0.18,0.18
6.636868000030518,-0.04,-0.03,0.17,0.17
6.637798070907593,-0.03,-0.03,0.17,0.17
6.643388032913208,-0.03,-0.02,0.15,0.15
6.653435945510864,-0.02,-0.02,0.14,0.14
6.663550138473511,-0.02,0.0,0.14,0.14
6.673587083816528,-0.02,0.01,0.13,0.13
6.6837852001190186,0.01,-0.01,0.15,0.15
6.693832159042358,0.01,-0.02,0.18,0.18
6.70383095741272,-0.01,-0.04,0.18,0.18
6.734779119491577,0.0,-0.05,0.18,0.18
6.7357330322265625,-0.01,-0.04,0.17,0.17
6.73653507232666,-0.01,-0.03,0.16,0.16
6.745124101638794,-0.01,-0.01,0.15,0.15
6.753840208053589,-0.01,0.0,0.16,0.16
6.763797044754028,-0.02,0.0,0.16,0.16
6.7739479541778564,-0.02,-0.01,0.15,0.15
6.784219980239868,-0.03,-0.02,0.16,0.16
6.794094085693359,-0.02,-0.04,0.16,0.16
6.804434061050415,-0.03,-0.03,0.17,0.17
6.8375561237335205,-0.03,-0.02,0.16,0.16
6.838734865188599,-0.02,-0.01,0.17,0.17
6.839585065841675,-0.02,-0.01,0.18,0.18
6.845645189285278,-0.03,-0.01,0.17,0.17
6.85415506362915,-0.03,-0.03,0.16,0.16
6.86416220664978,-0.03,-0.03,0.16,0.16
6.874273061752319,-0.03,-0.04,0.16,0.16
6.8845789432525635,-0.02,-0.03,0.16,0.16
6.894490957260132,-0.01,-0.03,0.17,0.17
6.904295206069946,-0.02,-0.03,0.17,0.17
6.936081171035767,-0.02,-0.02,0.15,0.15
6.936856031417847,-0.01,-0.01,0.15,0.15
6.93766713142395,-0.02,0.0,0.16,0.16
6.944352865219116,-0.02,-0.01,0.16,0.16
6.954466104507446,-0.02,-0.01,0.16,0.16
6.964644193649292,-0.02,-0.01,0.16,0.16
6.97458815574646,-0.02,-0.02,0.16,0.16
6.984548091888428,-0.02,-0.02,0.16,0.16
6.994849920272827,-0.02,-0.02,0.17,0.17
7.005036115646362,-0.02,-0.03,0.17,0.17
7.039278984069824,-0.02,-0.03,0.16,0.16
7.0400941371917725,-0.02,-0.03,0.15,0.15
7.041051149368286,-0.01,-0.03,0.16,0.16
7.044817209243774,-0.02,-0.01,0.17,0.17
7.061864137649536,-0.01,-0.02,0.18,0.18
7.064886093139648,-0.02,-0.02,0.18,0.18
7.076974153518677,-0.02,-0.02,0.16,0.16
7.0851099491119385,-0.02,-0.02,0.15,0.15
7.095017194747925,-0.02,-0.02,0.15,0.15
7.105508089065552,-0.02,-0.02,0.16,0.16
7.135313034057617,-0.02,-0.01,0.17,0.17
7.136088132858276,-0.01,-0.02,0.17,0.17
7.136688947677612,-0.02,-0.04,0.18,0.18
7.1450700759887695,-0.02,-0.03,0.18,0.18
7.155267000198364,-0.03,-0.02,0.17,0.17
7.165364980697632,-0.03,-0.01,0.17,0.17
7.1755290031433105,-0.03,-0.02,0.17,0.17
7.185520887374878,-0.03,-0.02,0.16,0.16
7.195533037185669,-0.03,-0.01,0.16,0.16
7.205715894699097,-0.02,-0.01,0.17,0.17
7.239269018173218,-0.02,0.0,0.18,0.18
7.240214109420776,-0.02,-0.01,0.16,0.16
7.241140127182007,-0.02,-0.02,0.16,0.16
7.245559930801392,-0.01,-0.05,0.17,0.17
7.261547088623047,-0.03,-0.04,0.14,0.14
7.2657270431518555,-0.03,-0.02,0.15,0.15
7.277165174484253,-0.02,-0.01,0.16,0.16
7.2859110832214355,0.0,0.0,0.18,0.18
7.295994997024536,-0.01,0.0,0.21,0.21
7.305949926376343,-0.01,-0.01,0.19,0.19
7.331911087036133,-0.02,-0.02,0.16,0.16
7.332643985748291,-0.03,-0.03,0.14,0.14
7.335766077041626,-0.01,-0.03,0.13,0.13
7.345849990844727,0.0,-0.02,0.14,0.14
7.356083154678345,-0.02,-0.02,0.16,0.16
7.365933179855347,-0.02,-0.02,0.16,0.16
7.376178026199341,-0.02,-0.01,0.18,0.18
7.386625051498413,-0.03,0.0,0.2,0.2
7.396390199661255,-0.01,-0.03,0.2,0.2
7.4064130783081055,0.0,-0.04,0.17,0.17
7.436444044113159,0.0,-0.04,0.14,0.14
7.437388181686401,0.0,-0.03,0.12,0.12
7.438381910324097,0.0,-0.02,0.11,0.11
7.446358919143677,-0.02,-0.01,0.14,0.14
7.456650018692017,-0.04,-0.02,0.16,0.16
7.466441869735718,-0.04,-0.02,0.19,0.19
7.476521015167236,-0.04,-0.02,0.21,0.21
7.486412048339844,-0.04,-0.04,0.21,0.21
7.496750116348267,-0.04,-0.03,0.2,0.2
7.506782054901123,-0.03,-0.02,0.17,0.17
7.537002086639404,-0.04,-0.02,0.15,0.15
7.537968873977661,-0.03,0.01,0.13,0.13
7.539048910140991,-0.02,0.0,0.11,0.11
7.546764135360718,-0.01,0.0,0.12,0.12
7.55661416053772,0.0,0.0,0.14,0.14
7.5667500495910645,-0.01,-0.01,0.16,0.16
7.576884031295776,0.0,-0.03,0.2,0.2
7.587021112442017,0.0,-0.04,0.21,0.21
7.597150087356567,-0.01,-0.04,0.2,0.2
7.607208013534546,0.0,-0.03,0.17,0.17
7.635854959487915,-0.01,-0.03,0.15,0.15
7.636795997619629,0.0,-0.01,0.14,0.14
7.637614965438843,-0.01,-0.01,0.14,0.14
7.6469972133636475,-0.01,-0.01,0.16,0.16
7.657126188278198,-0.01,-0.02,0.17,0.17
7.667388200759888,-0.02,-0.03,0.17,0.17
7.677281141281128,-0.02,-0.04,0.16,0.16
7.687520980834961,-0.04,-0.02,0.17,0.17
7.697594881057739,-0.05,-0.02,0.18,0.18
7.707551002502441,-0.05,-0.01,0.17,0.17
7.736664056777954,-0.04,0.0,0.16,0.16
7.737458944320679,-0.04,-0.01,0.16,0.16
7.7381751537323,-0.03,-0.02,0.16,0.16
7.7474119663238525,-0.03,-0.04,0.17,0.17
7.757493019104004,-0.02,-0.04,0.18,0.18
7.767647981643677,-0.01,-0.03,0.18,0.18
7.777509927749634,-0.01,-0.03,0.16,0.16
7.787823915481567,-0.01,-0.02,0.17,0.17
7.797924995422363,-0.01,-0.01,0.16,0.16
7.807754039764404,-0.03,0.0,0.16,0.16
7.840194940567017,-0.02,0.0,0.15,0.15
7.84101414680481,-0.02,-0.02,0.15,0.15
7.841521978378296,-0.02,-0.03,0.16,0.16
7.848010063171387,-0.01,-0.03,0.18,0.18
7.857731103897095,-0.01,-0.02,0.17,0.17
7.867763042449951,-0.01,-0.02,0.18,0.18
7.87832498550415,-0.02,-0.01,0.17,0.17
7.887934923171997,-0.02,-0.01,0.17,0.17
7.89833402633667,-0.03,-0.01,0.16,0.16
7.908205986022949,-0.04,-0.01,0.15,0.15
7.939120054244995,-0.04,-0.02,0.17,0.17
7.939887046813965,-0.03,-0.02,0.17,0.17
7.940398931503296,-0.03,-0.03,0.16,0.16
7.9482550621032715,-0.02,-0.03,0.16,0.16
7.958250999450684,-0.02,-0.02,0.18,0.18
7.968117952346802,-0.02,-0.02,0.18,0.18
7.978668928146362,-0.01,-0.03,0.16,0.16
7.988429069519043,-0.01,-0.03,0.16,0.16
7.9986889362335205,-0.02,-0.02,0.16,0.16
8.008888959884644,-0.02,-0.01,0.16,0.16
8.038952112197876,-0.01,-0.01,0.17,0.17
8.03995394706726,-0.01,-0.02,0.17,0.17
8.040481090545654,-0.01,-0.02,0.18,0.18
8.045982122421265,-0.02,-0.03,0.17,0.17
8.055870056152344,-0.02,-0.03,0.17,0.17
8.066082000732422,-0.03,-0.02,0.17,0.17
8.076452016830444,-0.03,-0.01,0.18,0.18
8.086381196975708,-0.04,-0.01,0.17,0.17
8.096548080444336,-0.03,-0.02,0.15,0.15
8.106338024139404,-0.02,-0.02,0.15,0.15
8.140158891677856,-0.02,-0.05,0.16,0.16
8.140959024429321,-0.02,-0.05,0.17,0.17
8.141780138015747,-0.02,-0.04,0.17,0.17
8.146442174911499,-0.03,-0.02,0.18,0.18
8.156488180160522,-0.03,0.01,0.19,0.19
8.16655421257019,-0.02,0.01,0.19,0.19
8.176867008209229,-0.02,-0.01,0.17,0.17
8.186907052993774,-0.03,-0.03,0.17,0.17
8.196791887283325,-0.02,-0.04,0.15,0.15
8.206809043884277,-0.02,-0.03,0.14,0.14
8.240639925003052,0.0,-0.02,0.15,0.15
8.241527080535889,0.02,0.0,0.15,0.15
8.24239706993103,0.01,0.01,0.16,0.16
8.262113094329834,-0.01,0.01,0.16,0.16
8.262659072875977,-0.03,0.0,0.16,0.16
8.278357028961182,-0.03,-0.02,0.17,0.17
8.279444932937622,-0.01,-0.06,0.18,0.19
8.287278890609741,-0.01,-0.08,0.17,0.18
8.297239065170288,-0.01,-0.07,0.15,0.16
8.307313203811646,0.0,-0.04,0.15,0.15
8.339869022369385,-0.01,-0.01,0.14,0.14
8.340776205062866,-0.03,0.02,0.16,0.16
8.341807126998901,-0.04,0.01,0.17,0.17
8.347007036209106,-0.04,0.0,0.17,0.17
8.357146978378296,-0.06,-0.02,0.17,0.18
8.367276906967163,-0.05,-0.03,0.19,0.19
8.377299070358276,-0.04,-0.04,0.2,0.2
8.387426137924194,-0.04,-0.04,0.18,0.18
8.397496938705444,-0.04,-0.03,0.16,0.16
8.407625913619995,-0.03,-0.02,0.14,0.14
8.441092014312744,-0.01,-0.02,0.14,0.14
8.441781044006348,0.0,-0.01,0.14,0.14
8.442440032958984,0.01,0.0,0.15,0.15
8.459618091583252,0.01,-0.01,0.17,0.17
8.460367918014526,0.01,-0.02,0.18,0.18
8.478088140487671,0.0,-0.04,0.19,0.19
8.47913908958435,-0.01,-0.05,0.19,0.19
8.493866205215454,-0.01,-0.04,0.16,0.16
8.498043060302734,-0.03,-0.03,0.15,0.15
8.510689973831177,-0.02,-0.01,0.14,0.14
8.542178869247437,-0.02,0.01,0.15,0.15
8.54317593574524,-0.03,0.01,0.17,0.17
8.543963193893433,-0.02,0.0,0.18,0.18
8.562180995941162,-0.02,-0.02,0.18,0.18
8.562682867050171,-0.02,-0.03,0.18,0.18
8.5680091381073,-0.03,-0.03,0.17,0.17
8.578376054763794,-0.04,-0.02,0.16,0.16
8.588228940963745,-0.04,0.0,0.14,0.14
8.598303079605103,-0.02,0.0,0.14,0.14
8.608326196670532,-0.03,-0.01,0.14,0.14
8.64368200302124,-0.02,-0.02,0.16,0.16
8.64461898803711,-0.01,-0.03,0.18,0.18
8.645583868026733,-0.01,-0.03,0.2,0.2
8.648097038269043,0.0,-0.02,0.2,0.2
8.662220001220703,0.0,-0.02,0.18,0.18
8.668668985366821,0.0,-0.02,0.14,0.14
8.678704977035522,-0.02,-0.02,0.13,0.13
8.688696146011353,-0.02,-0.02,0.11,0.11
8.698873043060303,-0.02,-0.02,0.13,0.13
8.70878291130066,-0.02,-0.02,0.16,0.16
8.748294115066528,0.0,-0.01,0.2,0.2
8.749194860458374,-0.02,-0.02,0.21,0.21
8.750173091888428,-0.02,-0.02,0.19,0.19
8.761820077896118,-0.03,-0.03,0.16,0.16
8.76256799697876,-0.04,-0.03,0.13,0.13
8.777959108352661,-0.04,-0.03,0.13,0.13
8.779100179672241,-0.03,-0.02,0.14,0.14
8.789106130599976,-0.03,-0.02,0.17,0.17
8.799195051193237,-0.03,-0.02,0.18,0.18
8.809251070022583,-0.02,-0.02,0.19,0.19
8.84970998764038,-0.02,-0.01,0.19,0.19
8.850524187088013,-0.03,-0.02,0.17,0.17
8.85122299194336,-0.03,-0.02,0.14,0.14
8.852078199386597,-0.03,-0.02,0.13,0.13
8.86247992515564,-0.01,-0.02,0.13,0.13
8.869334936141968,-0.01,-0.02,0.15,0.15
8.879549026489258,-0.01,-0.01,0.17,0.17
8.889526128768921,0.0,-0.01,0.19,0.19
8.899365186691284,0.0,-0.01,0.19,0.19
8.909735918045044,0.0,-0.02,0.18,0.18
8.949233055114746,0.0,-0.04,0.18,0.18
8.949895143508911,-0.01,-0.04,0.15,0.15
8.950550079345703,-0.02,-0.03,0.15,0.15
8.951340913772583,-0.02,-0.02,0.16,0.16
8.961445093154907,-0.01,-0.01,0.16,0.16
8.96979808807373,-0.02,0.0,0.17,0.17
8.979775190353394,-0.03,-0.01,0.18,0.18
8.989912033081055,-0.02,0.0,0.18,0.18
9.000119924545288,-0.03,-0.01,0.16,0.16
9.010042905807495,-0.05,-0.01,0.16,0.16
9.050328016281128,-0.03,-0.03,0.16,0.16
9.05106806755066,-0.02,-0.03,0.16,0.16
9.05193305015564,-0.03,-0.05,0.17,0.17
9.062185049057007,-0.03,-0.05,0.18,0.18
9.062885046005249,-0.03,-0.03,0.17,0.17
9.070000886917114,-0.03,-0.01,0.17,0.17
9.080327033996582,-0.02,0.0,0.18,0.18
9.090323209762573,-0.03,0.0,0.16,0.16
9.100536108016968,-0.02,-0.01,0.17,0.17
9.110567092895508,-0.02,-0.03,0.15,0.15
9.149462938308716,-0.01,-0.01,0.16,0.16
9.150294065475464,0.0,0.0,0.16,0.16
9.151131868362427,0.01,0.0,0.18,0.18
9.151787996292114,0.01,-0.01,0.18,0.18
9.161858081817627,-0.01,-0.01,0.16,0.16
9.170484066009521,-0.01,-0.01,0.15,0.15
9.180513143539429,-0.03,-0.03,0.16,0.16
9.1908860206604,-0.03,-0.04,0.18,0.18
9.200991868972778,-0.02,-0.05,0.17,0.17
9.21084189414978,-0.01,-0.05,0.16,0.16
9.250945091247559,0.0,-0.03,0.15,0.15
9.25183892250061,0.0,-0.02,0.15,0.15
9.252342939376831,-0.02,-0.01,0.15,0.15
9.253145933151245,-0.03,-0.01,0.15,0.15
9.262326955795288,-0.06,-0.01,0.16,0.17
9.270888090133667,-0.05,-0.01,0.18,0.18
9.280909061431885,-0.04,-0.01,0.19,0.19
9.290881872177124,-0.04,-0.02,0.19,0.19
9.301181077957153,-0.04,-0.02,0.18,0.18
9.310925006866455,-0.04,-0.02,0.18,0.18
9.349628210067749,-0.04,-0.02,0.16,0.16
9.350367069244385,-0.03,-0.02,0.14,0.14
9.351356029510498,-0.02,-0.02,0.12,0.12
9.361010074615479,-0.01,-0.02,0.13,0.13
9.361737966537476,0.0,-0.02,0.15,0.15
9.377605199813843,0.01,-0.01,0.16,0.16
9.381171941757202,0.01,-0.02,0.17,0.17
9.394361019134521,0.0,-0.03,0.19,0.19
9.401630163192749,0.0,-0.04,0.18,0.18
9.41164517402649,-0.01,-0.03,0.16,0.16
9.452522039413452,-0.01,-0.02,0.16,0.16
9.4533851146698,-0.01,-0.02,0.15,0.15
9.454140901565552,-0.02,0.0,0.17,0.17
9.454886198043823,-0.02,0.01,0.17,0.17
9.461447954177856,-0.02,0.01,0.18,0.18
9.471776008605957,-0.03,-0.01,0.18,0.18
9.481787919998169,-0.03,-0.03,0.17,0.17
9.491756200790405,-0.03,-0.03,0.15,0.15
9.501865148544312,-0.03,-0.02,0.15,0.15
